date,ticker,adj close,garman-klass-volatility,rsi,macd
2021-11-30 00:00:00+00:00,AMD,158.3699951171875,0.001144959865496805,67.39508363803805,3.106520412447205
2021-11-30 00:00:00+00:00,BA,197.85000610351562,0.00028707393269225713,36.409752885070155,-0.578880204649444
2021-11-30 00:00:00+00:00,BAC,41.1306266784668,-0.002577930806849774,43.61001070690165,-0.23010975051843002
2021-11-30 00:00:00+00:00,GOOG,142.10301208496094,0.0002902200303744822,45.99222016020588,-0.06884148612295274
2021-11-30 00:00:00+00:00,JPM,146.0264434814453,-0.0027574879127228776,40.11667672079059,-0.8938886715047162
2021-11-30 00:00:00+00:00,META,323.48602294921875,0.00023295850016010058,43.7008085397085,-0.2525897037056386
2021-11-30 00:00:00+00:00,MSFT,322.87786865234375,-0.00020465788840873158,55.3586216875932,1.0651200234379217
2021-11-30 00:00:00+00:00,NFLX,641.9000244140625,0.0008239030053599401,47.348054330503544,0.0752655573975701
2021-11-30 00:00:00+00:00,NVDA,32.62000274658203,0.0009353104882231785,66.58030204760723,1.1974770620163675
2021-11-30 00:00:00+00:00,TSLA,381.586669921875,0.0009570547829442588,60.83528332634776,1.6987430251567013
2021-12-31 00:00:00+00:00,AMD,143.89999389648438,0.0005062258994202532,51.62470846417152,0.310322011138174
2021-12-31 00:00:00+00:00,BA,201.32000732421875,0.0001570341705988498,46.989610682542015,-0.2342430482606345
2021-12-31 00:00:00+00:00,BAC,41.347171783447266,-0.002062721617877947,48.62439558064072,-0.4561050732588902
2021-12-31 00:00:00+00:00,GOOG,144.3250732421875,3.991424973899181e-05,48.491158242325895,-0.22354408273475887
2021-12-31 00:00:00+00:00,JPM,145.5851287841797,-0.0027347258051198375,45.886852076031396,-0.857030757645528
2021-12-31 00:00:00+00:00,META,335.34033203125,2.451241500290121e-05,50.781411575748514,0.1811926138236309
2021-12-31 00:00:00+00:00,MSFT,328.47418212890625,-0.0002958333816577932,53.835496151063175,0.28404119414824985
2021-12-31 00:00:00+00:00,NFLX,602.4400024414062,0.00013548263210416136,43.12544339906842,-0.9088126421982836
2021-12-31 00:00:00+00:00,NVDA,29.364187240600586,0.00023479531427161016,50.77597383596848,-0.283315788678918
2021-12-31 00:00:00+00:00,TSLA,352.260009765625,0.00023468087956557502,53.09378199133806,0.1990882749119849
2022-01-31 00:00:00+00:00,AMD,114.25,0.000994912549708837,40.12691909054848,-3.237653357116382
2022-01-31 00:00:00+00:00,BA,200.24000549316406,0.0004894807191301577,45.72048627545139,-0.4287262195858012
2022-01-31 00:00:00+00:00,BAC,42.880611419677734,-0.0011148149630797691,50.76153149043356,-0.2212597459295167
2022-01-31 00:00:00+00:00,GOOG,135.36607360839844,0.00032551123077985953,45.66726833169673,-2.139231682976351
2022-01-31 00:00:00+00:00,JPM,137.44004821777344,-0.0009029951829182514,40.309490905402754,-2.0418196062518517
2022-01-31 00:00:00+00:00,META,312.31964111328125,0.0005571872671556978,45.7674530152488,-1.4802109270591004
2022-01-31 00:00:00+00:00,MSFT,303.725341796875,7.633076646584723e-05,47.51272427306887,-2.2261243379467586
2022-01-31 00:00:00+00:00,NFLX,427.1400146484375,0.0011288990361285054,33.05084135332934,-5.082039339429202
2022-01-31 00:00:00+00:00,NVDA,24.447031021118164,0.0007875617078246971,43.17660810838064,-1.486164739734663
2022-01-31 00:00:00+00:00,TSLA,312.239990234375,0.0016285517203383346,45.59382714817814,-1.99076237241985
2022-02-28 00:00:00+00:00,AMD,123.33999633789062,0.0007460769990847689,50.137261142470344,-0.9887999192004789
2022-02-28 00:00:00+00:00,BA,205.33999633789062,0.0009337962832404454,48.43955576012775,-0.22575609125422078
2022-02-28 00:00:00+00:00,BAC,41.077659606933594,-0.0013264507644689292,41.66728861085906,-0.988812373885272
2022-02-28 00:00:00+00:00,GOOG,134.56056213378906,0.00018487437209774977,47.88153947404548,-1.1867793426465492
2022-02-28 00:00:00+00:00,JPM,131.15072631835938,-0.002724946184673838,36.97526427597698,-1.2402535264455155
2022-02-28 00:00:00+00:00,META,210.3965301513672,0.000387732598466288,31.558328559387242,-4.032808442601546
2022-02-28 00:00:00+00:00,MSFT,292.4231262207031,0.00019907548892529115,47.42576705848881,-1.6211283911630725
2022-02-28 00:00:00+00:00,NFLX,394.5199890136719,0.000671832067808476,39.21558591432616,-2.3303836237760716
2022-02-28 00:00:00+00:00,NVDA,24.346189498901367,0.0007017065310573654,47.15324170628087,-0.691726695416667
2022-02-28 00:00:00+00:00,TSLA,290.1433410644531,0.0010303870624495256,46.147150021406546,-1.8371290361021368
2022-03-31 00:00:00+00:00,AMD,109.33999633789062,0.000658766144717891,45.249467557564444,-0.031079243552998757
2022-03-31 00:00:00+00:00,BA,191.5,0.0003699396409053321,48.77904243787298,-0.16824613392499357
2022-03-31 00:00:00+00:00,BAC,38.49547576904297,-0.003608989055885986,41.83658839266146,-0.6067442326846884
2022-03-31 00:00:00+00:00,GOOG,139.30738830566406,3.7739215668706485e-05,53.681037578677746,0.9635843164806334
2022-03-31 00:00:00+00:00,JPM,126.082275390625,-0.0037001738427328503,42.79879546260199,-0.733135726228828
2022-03-31 00:00:00+00:00,META,221.69252014160156,3.3845415156815025e-05,48.308929390486526,-0.18885989134138334
2022-03-31 00:00:00+00:00,MSFT,301.7402648925781,-0.00033210625969185123,54.470594834124356,0.8277810133395073
2022-03-31 00:00:00+00:00,NFLX,374.5899963378906,0.00015845503009512125,45.19441789070538,-0.47754339388493344
2022-03-31 00:00:00+00:00,NVDA,27.247215270996094,0.00047482659195119967,55.71336940058886,0.4514545672845272
2022-03-31 00:00:00+00:00,TSLA,359.20001220703125,0.000201309871334334,63.116911575366075,2.4203245216890377
2022-04-30 00:00:00+00:00,AMD,85.5199966430664,0.0022919185231575407,37.0381770278122,-2.454340432166893
2022-04-30 00:00:00+00:00,BA,148.83999633789062,0.001194318486327666,28.74742109763401,-1.1124886736886668
2022-04-30 00:00:00+00:00,BAC,33.321651458740234,-0.002746985980981974,32.119527393544175,-2.4038746980927317
2022-04-30 00:00:00+00:00,GOOG,114.68485260009766,0.0004270638293191461,35.8000983326155,-3.1416003865540563
2022-04-30 00:00:00+00:00,JPM,111.21428680419922,-0.003196283453521326,32.904607225537546,-2.0518646800379687
2022-04-30 00:00:00+00:00,META,199.86822509765625,0.001663067968077,45.49084774190627,-1.3585418827595965
2022-04-30 00:00:00+00:00,MSFT,271.6064147949219,-0.00030776433775965345,44.04309553198431,-1.7657636583502878
2022-04-30 00:00:00+00:00,NFLX,190.36000061035156,0.002073448605169625,23.592935043675954,-4.47523797794526
2022-04-30 00:00:00+00:00,NVDA,18.5206356048584,0.002644741281720025,36.851015641330356,-1.4847533232516132
2022-04-30 00:00:00+00:00,TSLA,290.2533264160156,0.0020622750232584964,41.55796041262264,-1.0500185057674234
2022-05-31 00:00:00+00:00,AMD,101.86000061035156,0.000960170331221099,53.404983295486666,0.05165251576181096
2022-05-31 00:00:00+00:00,BA,131.39999389648438,0.0004945487249541779,39.891382061257595,-1.3581002597258103
2022-05-31 00:00:00+00:00,BAC,34.74118423461914,-0.000996672043139605,49.215750542671046,-0.8707800916898514
2022-05-31 00:00:00+00:00,GOOG,113.75962829589844,0.0005547036546247541,45.306351631140316,-2.3352692451265757
2022-05-31 00:00:00+00:00,JPM,123.20594787597656,-0.0008285561878344427,57.14196002491584,0.018388215535205532
2022-05-31 00:00:00+00:00,META,193.05873107910156,0.00037733987544159213,46.56875934129444,-0.8214688361595985
2022-05-31 00:00:00+00:00,MSFT,266.69647216796875,4.990928395055884e-05,49.06452059529873,-1.4868494763129583
2022-05-31 00:00:00+00:00,NFLX,197.44000244140625,0.0010812317458575031,39.20449026922902,-1.7127013375732625
2022-05-31 00:00:00+00:00,NVDA,18.64546012878418,0.0009030110652912762,47.46183069010176,-0.8585523420198554
2022-05-31 00:00:00+00:00,TSLA,252.75332641601562,0.0015766917811585231,45.02154251801691,-2.538710483124729
2022-06-30 00:00:00+00:00,AMD,76.47000122070312,0.0008842933536280784,36.9623870055466,-1.8072143792202768
2022-06-30 00:00:00+00:00,BA,136.72000122070312,0.0008353212760107315,47.98401800593752,-0.010446233568510526
2022-06-30 00:00:00+00:00,BAC,29.23984146118164,-0.0011502146372639166,33.807827941971325,-1.8324017106795396
2022-06-30 00:00:00+00:00,GOOG,109.10455322265625,0.0006138589183413527,44.315614267969835,-0.6681693796262905
2022-06-30 00:00:00+00:00,JPM,104.9249267578125,-0.0018184813212145747,38.045157828311005,-1.5817766505799502
2022-06-30 00:00:00+00:00,META,160.7659454345703,0.0008388451994904029,40.70720400817966,-1.4679271698286092
2022-06-30 00:00:00+00:00,MSFT,251.9426727294922,0.00017925407189413992,46.45637295552449,-0.9837921812702627
2022-06-30 00:00:00+00:00,NFLX,174.8699951171875,0.001309094532622379,40.293707239483936,-0.7417071339055786
2022-06-30 00:00:00+00:00,NVDA,15.140652656555176,0.0009933179953429737,39.618800741516715,-0.8021227951775158
2022-06-30 00:00:00+00:00,TSLA,224.47332763671875,0.0011170616156978646,43.332451668449785,-0.888556354959036
2022-07-31 00:00:00+00:00,AMD,94.47000122070312,0.00041099465251293087,57.96334315536058,0.34981706688858316
2022-07-31 00:00:00+00:00,BA,159.30999755859375,0.00034344310329558544,60.98857584200983,0.7595315349390697
2022-07-31 00:00:00+00:00,BAC,31.757123947143555,-0.0009122771765908274,52.907557773922946,0.13251707808311916
2022-07-31 00:00:00+00:00,GOOG,116.354248046875,0.00025323075295949175,53.146506666554686,-0.37377534454345085
2022-07-31 00:00:00+00:00,JPM,108.43806457519531,-0.0014665259872412037,48.81626876548397,-0.4706263124046561
2022-07-31 00:00:00+00:00,META,158.62242126464844,0.0004835538748097916,43.6830013231506,-0.58931987455086
2022-07-31 00:00:00+00:00,MSFT,275.3976745605469,0.00015804872484037022,59.42818400899355,0.3450328360119007
2022-07-31 00:00:00+00:00,NFLX,224.89999389648438,0.0006592924002037658,59.946199959986025,0.7183876565217904
2022-07-31 00:00:00+00:00,NVDA,18.141016006469727,0.00034335591936457237,55.963850815160626,-0.05664712394316155
2022-07-31 00:00:00+00:00,TSLA,297.1499938964844,0.0009646613322907053,64.58533161488344,1.3973766297163543
2022-08-31 00:00:00+00:00,AMD,84.87000274658203,0.0005148768034416945,41.897036567136134,-0.5290680217680539
2022-08-31 00:00:00+00:00,BA,160.25,0.0001101421463768616,50.44144337674671,0.21640297649956575
2022-08-31 00:00:00+00:00,BAC,31.569257736206055,-0.0021107825400188433,46.34075401168589,0.00910405155319393
2022-08-31 00:00:00+00:00,GOOG,108.88259887695312,6.359879077369804e-05,41.12489909650108,-1.0070940886895294
2022-08-31 00:00:00+00:00,JPM,106.90586853027344,-0.0017004889262646674,44.7563814968242,-0.41168101983064675
2022-08-31 00:00:00+00:00,META,162.44090270996094,0.00029189164175252895,46.16177628471367,-0.6038503883579673
2022-08-31 00:00:00+00:00,MSFT,257.038818359375,-0.0001556152245834672,41.45077812371484,-0.8230982449054299
2022-08-31 00:00:00+00:00,NFLX,223.55999755859375,0.0009546287194508366,50.24517646079277,0.0015914840924667751
2022-08-31 00:00:00+00:00,NVDA,15.07573127746582,0.0005676908858681651,39.0854280568798,-0.6332401782294276
2022-08-31 00:00:00+00:00,TSLA,275.6099853515625,0.00045742942390731287,47.755567136568274,0.2471249936488534
2022-09-30 00:00:00+00:00,AMD,63.36000061035156,0.0007844750709526383,29.44029923001135,-2.3402251974926145
2022-09-30 00:00:00+00:00,BA,121.08000183105469,0.0005539396508463081,30.421657862285578,-1.2190669653056485
2022-09-30 00:00:00+00:00,BAC,28.55320930480957,-0.0015881481245339831,35.12128940158622,-1.570482424307395
2022-09-30 00:00:00+00:00,GOOG,95.9144515991211,0.0004920466443294199,33.215459969327334,-2.561710682647902
2022-09-30 00:00:00+00:00,JPM,98.22967529296875,-0.001810948778562308,35.129757517051445,-1.5655533557546446
2022-09-30 00:00:00+00:00,META,135.272705078125,0.0007760526456245316,36.541144171201005,-1.3619404881283617
2022-09-30 00:00:00+00:00,MSFT,228.95298767089844,-7.245247379625882e-05,33.019107181246994,-2.749848395372565
2022-09-30 00:00:00+00:00,NFLX,235.44000244140625,0.0007281548447085379,52.55561626843748,0.013404489392250108
2022-09-30 00:00:00+00:00,NVDA,12.127909660339355,0.001015992835004047,34.31051331437595,-1.0120331520386863
2022-09-30 00:00:00+00:00,TSLA,265.25,0.001181652065845382,42.13020407287127,-0.5634972164519619
2022-10-31 00:00:00+00:00,AMD,60.060001373291016,0.0006866214194829194,40.31506232973436,-1.2519907915664403
2022-10-31 00:00:00+00:00,BA,142.50999450683594,0.0005953446272601039,51.59158273584215,0.056073501516937754
2022-10-31 00:00:00+00:00,BAC,34.07476043701172,-0.0010630056743293826,61.47681985783359,1.342512781592025
2022-10-31 00:00:00+00:00,GOOG,94.4281005859375,0.00013532207057250355,40.96435484815724,-1.335602326778845
2022-10-31 00:00:00+00:00,JPM,119.38548278808594,-0.0009203879915287903,64.38022563595953,1.5726862949236236
2022-10-31 00:00:00+00:00,META,92.88035583496094,0.001247052591257118,26.4516436875926,-1.759700788127888
2022-10-31 00:00:00+00:00,MSFT,228.196044921875,-9.330704255082958e-05,44.35367257944203,-1.2054201371550846
2022-10-31 00:00:00+00:00,NFLX,291.8800048828125,0.0003352328324759773,63.85163761550912,1.3223261628682879
2022-10-31 00:00:00+00:00,NVDA,13.484670639038086,0.0006163177822129223,51.99362378911666,-0.29815971354093235
2022-10-31 00:00:00+00:00,TSLA,227.5399932861328,0.0005995166059367804,43.20647011261455,-1.5547980836675739
2022-11-30 00:00:00+00:00,AMD,77.62999725341797,0.0008880827346149952,60.41003855103826,0.893807895339322
2022-11-30 00:00:00+00:00,BA,178.8800048828125,0.0005233438844891761,65.02516133778468,1.0266671216454495
2022-11-30 00:00:00+00:00,BAC,35.78605651855469,0.0006303519049809008,61.04362134904614,0.9134557564858805
2022-11-30 00:00:00+00:00,GOOG,101.20146942138672,0.0009084978897035897,54.92866625328947,0.00814027889029847
2022-11-30 00:00:00+00:00,JPM,131.05087280273438,0.0001264658604053524,67.50309163800316,1.6162099328475588
2022-11-30 00:00:00+00:00,META,117.74547576904297,0.0009498309318619466,50.511388800292615,-0.48307178510858956
2022-11-30 00:00:00+00:00,MSFT,251.52293395996094,0.0011874615859882444,58.488894120449764,0.5284844980535693
2022-11-30 00:00:00+00:00,NFLX,305.5299987792969,0.0018617611166558017,60.49407350769464,0.45020123812173873
2022-11-30 00:00:00+00:00,NVDA,16.911865234375,0.0012160350144782236,62.41515409446739,0.22927566757464143
2022-11-30 00:00:00+00:00,TSLA,194.6999969482422,0.001199555630253156,44.7992435531774,-1.51979936897513
2022-12-31 00:00:00+00:00,AMD,64.7699966430664,0.0002512639586933063,44.99978630343254,-0.7692882519790004
2022-12-31 00:00:00+00:00,BA,190.49000549316406,8.60362653282555e-05,61.71470644218875,0.6937044729953796
2022-12-31 00:00:00+00:00,BAC,31.497058868408203,-0.0008633819444563213,45.04531240080391,-1.140798871142021
2022-12-31 00:00:00+00:00,GOOG,88.51263427734375,0.00014375000534450736,42.18083485045556,-1.5328066781746124
2022-12-31 00:00:00+00:00,JPM,127.18140411376953,-0.0006240382930291292,57.3609650709232,-0.054661004494003046
2022-12-31 00:00:00+00:00,META,119.97875213623047,0.0001631464462121643,52.38486448061837,-0.08798212871468129
2022-12-31 00:00:00+00:00,MSFT,236.4201202392578,7.39053031572931e-05,47.82552788430094,-0.7566193820988604
2022-12-31 00:00:00+00:00,NFLX,294.8800048828125,0.00043066212671155835,51.65972887107384,-0.2555747318879038
2022-12-31 00:00:00+00:00,NVDA,14.604384422302246,0.00024164692587906283,44.55936448808825,-0.5313640605691835
2022-12-31 00:00:00+00:00,TSLA,123.18000030517578,0.00047760333591261635,30.653435167184533,-2.668128363729073
2023-01-31 00:00:00+00:00,AMD,75.1500015258789,0.00033338692266759236,57.70138872583587,0.505449397100734
2023-01-31 00:00:00+00:00,BA,213.0,0.0001971058212049633,64.73966655843797,0.7837801016736671
2023-01-31 00:00:00+00:00,BAC,33.741416931152344,-0.0005714812072391301,58.23126681452755,0.46906147938344733
2023-01-31 00:00:00+00:00,GOOG,99.6253433227539,0.00010651925724112292,57.74481803619939,0.9566254177284497
2023-01-31 00:00:00+00:00,JPM,133.71957397460938,-0.0006981135256943937,59.56402376909055,0.5442344233220898
2023-01-31 00:00:00+00:00,META,148.52281188964844,0.00012017960180556929,66.51948715726272,0.8391044583976617
2023-01-31 00:00:00+00:00,MSFT,244.2968292236328,0.00020284018907529899,55.26205836363538,0.12775892080088228
2023-01-31 00:00:00+00:00,NFLX,353.8599853515625,0.00016418843011973844,62.61297604366935,1.168945405816958
2023-01-31 00:00:00+00:00,NVDA,19.524145126342773,0.0005984435128408166,62.9027749382049,0.47348882763081
2023-01-31 00:00:00+00:00,TSLA,173.22000122070312,0.0013241089378813603,59.87702242372702,0.7206959458802105
2023-02-28 00:00:00+00:00,AMD,78.58000183105469,0.0005643360660583543,52.08688441135921,0.14827516664805784
2023-02-28 00:00:00+00:00,BA,201.5500030517578,0.00011317622915668883,46.983044732149395,-0.12835444015155906
2023-02-28 00:00:00+00:00,BAC,32.61923599243164,-0.0009917547819960877,44.64910610845792,-0.38502269314779985
2023-02-28 00:00:00+00:00,GOOG,90.07878875732422,0.00021358802460750713,43.20326411598801,-1.2488765595948637
2023-02-28 00:00:00+00:00,JPM,136.95840454101562,-0.0006211067646593285,58.843163648054144,0.19142123848749992
2023-02-28 00:00:00+00:00,META,174.4148712158203,0.00044709138403286404,62.19070116089552,0.7475874186829586
2023-02-28 00:00:00+00:00,MSFT,246.49990844726562,1.9328835186812743e-05,48.68840658393806,-0.012150157064443811
2023-02-28 00:00:00+00:00,NFLX,322.1300048828125,0.00018855046330184383,43.84049553945591,-0.5329587330943736
2023-02-28 00:00:00+00:00,NVDA,23.200725555419922,0.0003255954969575039,62.642814852085884,0.5399208525540867
2023-02-28 00:00:00+00:00,TSLA,205.7100067138672,0.0004375932561031158,60.132777162303505,1.507240287527065
2023-03-31 00:00:00+00:00,AMD,98.01000213623047,0.0003953256349127603,64.35560736320043,1.3419712755598665
2023-03-31 00:00:00+00:00,BA,212.42999267578125,0.00012407089692026855,56.40435730351278,0.02473890500643803
2023-03-31 00:00:00+00:00,BAC,27.374956130981445,-0.0006553561453604634,38.50718224085404,-2.2261659750845437
2023-03-31 00:00:00+00:00,GOOG,103.74522399902344,0.00020611129605685243,58.21773470137814,1.0385633904379943
2023-03-31 00:00:00+00:00,JPM,124.49980926513672,-0.0005710172475256007,45.883943092712066,-1.4723303759699542
2023-03-31 00:00:00+00:00,META,211.3037872314453,0.00018664858838603155,68.8808718236527,1.1198836667218284
2023-03-31 00:00:00+00:00,MSFT,284.9247131347656,0.00023328205676413494,65.96141244313473,1.750510882228312
2023-03-31 00:00:00+00:00,NFLX,345.4800109863281,0.00022309436533534177,59.5897917809192,0.07013545428000806
2023-03-31 00:00:00+00:00,NVDA,27.763437271118164,0.00015293593612467692,70.05860630162415,0.6769323007116582
2023-03-31 00:00:00+00:00,TSLA,207.4600067138672,0.00043882643611986257,60.022419846804794,0.3074198992808192
2023-04-30 00:00:00+00:00,AMD,89.37000274658203,0.0004317368146586168,50.302258665610296,-0.5425201289271276
2023-04-30 00:00:00+00:00,BA,206.77999877929688,0.0001482375803152289,50.27318325982977,-0.08272847658855124
2023-04-30 00:00:00+00:00,BAC,28.025827407836914,0.0003815358149460324,47.04246652602017,-0.3632342052178636
2023-04-30 00:00:00+00:00,GOOG,107.95488739013672,0.00021962878744617598,58.41831065643511,0.5964287578971271
2023-04-30 00:00:00+00:00,JPM,133.11277770996094,-6.54126011434867e-05,56.07373748316829,0.6629886478705038
2023-04-30 00:00:00+00:00,META,239.59860229492188,0.00019086245101478653,72.77611502420734,0.8721452619287443
2023-04-30 00:00:00+00:00,MSFT,303.6627197265625,0.00016802750829671248,66.365082617146,1.3786073967223875
2023-04-30 00:00:00+00:00,NFLX,329.92999267578125,0.00013715103050838362,50.89934797626109,-0.20898141480310312
2023-04-30 00:00:00+00:00,NVDA,27.735454559326172,0.00018073247314539425,60.575509585789796,0.030372527051971417
2023-04-30 00:00:00+00:00,TSLA,164.30999755859375,0.0009660041428952056,42.23766518284538,-1.1130542975644206
2023-05-31 00:00:00+00:00,AMD,118.20999908447266,0.0008001019104042521,66.17762819583488,2.5442635366318886
2023-05-31 00:00:00+00:00,BA,205.6999969482422,0.00029180407222090986,52.04943572454588,-0.02969764544297014
2023-05-31 00:00:00+00:00,BAC,26.59964942932129,-0.0008643324153073278,44.497217794509936,-0.36824145299699385
2023-05-31 00:00:00+00:00,GOOG,123.0677719116211,9.522051764239104e-05,65.1879480984044,2.443524482067377
2023-05-31 00:00:00+00:00,JPM,130.67660522460938,-0.000630244644829219,49.464892658588816,-0.13719511804711262
2023-05-31 00:00:00+00:00,META,263.9253234863281,0.00022645108923758172,76.9092002118614,1.3066615347920616
2023-05-31 00:00:00+00:00,MSFT,325.25482177734375,0.00016016548981696442,67.03271057447522,2.207770711756368
2023-05-31 00:00:00+00:00,NFLX,395.2300109863281,0.00014744595456349797,68.77493085560918,1.0855726363192193
2023-05-31 00:00:00+00:00,NVDA,37.815528869628906,0.0012822631697220338,71.61109606267533,1.6407242318601858
2023-05-31 00:00:00+00:00,TSLA,203.92999267578125,0.0008161872080817843,65.36059403471721,0.7229923768351557
2023-06-30 00:00:00+00:00,AMD,113.91000366210938,0.0001783673033017296,52.714666889867075,-0.1132624151733219
2023-06-30 00:00:00+00:00,BA,211.16000366210938,0.00013320238036943968,51.83645828207601,0.06899514957056706
2023-06-30 00:00:00+00:00,BAC,27.68022918701172,-0.0006491930118084881,51.15191408283912,-0.16103388174848027
2023-06-30 00:00:00+00:00,GOOG,120.67364501953125,4.002221284939518e-05,52.25290925493099,-0.08777319693325746
2023-06-30 00:00:00+00:00,JPM,140.0457305908203,-0.00026509562121744155,62.58676296332643,0.24696566096505224
2023-06-30 00:00:00+00:00,META,286.1185302734375,0.00012162175079742539,66.73816701483086,1.1505694032237286
2023-06-30 00:00:00+00:00,MSFT,337.288818359375,0.00013158211667782074,60.04677330170248,0.9782783224194246
2023-06-30 00:00:00+00:00,NFLX,440.489990234375,0.0002633142305756475,67.38686498486426,1.1367917525434739
2023-06-30 00:00:00+00:00,NVDA,42.28572082519531,0.0002311444603393152,64.22663671120492,1.1353588881698253
2023-06-30 00:00:00+00:00,TSLA,261.7699890136719,0.0001435193551177159,65.7789979581303,1.9585809463617185
2023-07-31 00:00:00+00:00,AMD,114.4000015258789,0.00020896815783608526,52.29288130957917,-0.3176248651634445
2023-07-31 00:00:00+00:00,BA,238.85000610351562,7.228988181953306e-05,70.029890921279,0.7838521360152665
2023-07-31 00:00:00+00:00,BAC,30.873729705810547,-0.00030530562755256375,63.92840292396905,1.3303264420422618
2023-07-31 00:00:00+00:00,GOOG,132.78390502929688,8.059766817687135e-05,65.58881252547978,1.119825093726176
2023-07-31 00:00:00+00:00,JPM,153.14596557617188,-0.00016186475246290566,70.35829789432866,1.7639692394741135
2023-07-31 00:00:00+00:00,META,317.6436462402344,0.00017747273686299122,64.23992747655369,1.0706449510814844
2023-07-31 00:00:00+00:00,MSFT,332.7129211425781,2.2664339448698993e-05,50.10125533248937,0.03095653425675108
2023-07-31 00:00:00+00:00,NFLX,438.9700012207031,0.00011932476650961671,54.954545985371524,-0.002658403278676847
2023-07-31 00:00:00+00:00,NVDA,46.71101379394531,8.849646834214645e-05,64.99418278436904,0.8041153221745609
2023-07-31 00:00:00+00:00,TSLA,267.42999267578125,0.0001978574952184749,55.11119083653447,0.44567269152150696
2023-08-31 00:00:00+00:00,AMD,105.72000122070312,0.0004442149423635625,46.223196774251456,-0.9075110638537779
2023-08-31 00:00:00+00:00,BA,224.02999877929688,0.00033625611478121443,48.927903784793756,-0.005251755548926235
2023-08-31 00:00:00+00:00,BAC,27.89143943786621,-0.0003991993863793943,43.04167820174912,-0.9053053167998205
2023-08-31 00:00:00+00:00,GOOG,137.01351928710938,6.58879343704599e-05,64.12860968715891,1.035822086089547
2023-08-31 00:00:00+00:00,JPM,141.8704071044922,-0.0006177866267843897,42.73332946197047,-0.8679107430700853
2023-08-31 00:00:00+00:00,META,295.0018005371094,0.0001633879812774508,50.550957109784385,-0.5790367165579562
2023-08-31 00:00:00+00:00,MSFT,325.3181457519531,2.4514509779409545e-05,50.274900499193784,-0.7903104547695695
2023-08-31 00:00:00+00:00,NFLX,433.67999267578125,8.055491398459102e-05,53.85251368207798,-0.24158346816512039
2023-08-31 00:00:00+00:00,NVDA,49.33600616455078,0.00012652857610405004,63.238560504159864,0.5995765407191073
2023-08-31 00:00:00+00:00,TSLA,258.0799865722656,0.0002562491535588897,55.57524026405352,-0.26269477997023066
2023-09-30 00:00:00+00:00,AMD,102.81999969482422,0.00013765067011141662,47.64361126867417,-0.9650060819262745
2023-09-30 00:00:00+00:00,BA,191.67999267578125,0.00010470396410913987,28.063850051982154,-1.1055943835710391
2023-09-30 00:00:00+00:00,BAC,26.636470794677734,-0.0004773666199246796,37.90593647209055,-0.9122340606155777
2023-09-30 00:00:00+00:00,GOOG,131.52699279785156,0.00021695470326993585,48.73865173771133,-0.38820257067971914
2023-09-30 00:00:00+00:00,JPM,140.60032653808594,-0.0008300101110801632,44.02515435878074,-0.6033247406893163
2023-09-30 00:00:00+00:00,META,299.3088073730469,0.0004105428392500517,50.863702060897154,-0.1570904994124551
2023-09-30 00:00:00+00:00,MSFT,313.3976135253906,2.6687938278031317e-05,41.96904953753718,-1.4851233274324207
2023-09-30 00:00:00+00:00,NFLX,377.6000061035156,0.00016649364667990085,35.9277362902176,-1.3765687694494066
2023-09-30 00:00:00+00:00,NVDA,43.485843658447266,0.00015963264442130705,47.72211312491027,-0.9144679815357248
2023-09-30 00:00:00+00:00,TSLA,250.22000122070312,0.0005644459247439446,49.08748778548814,-0.2578938672093469
2023-10-31 00:00:00+00:00,AMD,98.5,0.0010051893358822674,44.703327574902225,-0.8808054881074087
2023-10-31 00:00:00+00:00,BA,186.82000732421875,0.0003912804778064019,42.91251434164184,-0.6959961067209245
2023-10-31 00:00:00+00:00,BAC,25.624713897705078,0.0003132039465391918,45.09671573720137,-0.9370361429674445
2023-10-31 00:00:00+00:00,GOOG,124.9930419921875,0.00018142923494267693,39.20067753040961,-1.6951123648692394
2023-10-31 00:00:00+00:00,JPM,135.81678771972656,7.807624033071434e-06,40.10010113910067,-1.1867083784648857
2023-10-31 00:00:00+00:00,META,300.3656311035156,0.00022120164750128742,47.65346537071793,-0.4847524557476969
2023-10-31 00:00:00+00:00,MSFT,335.59100341796875,4.578073700979578e-05,56.47931203839445,0.3842936492958558
2023-10-31 00:00:00+00:00,NFLX,411.69000244140625,0.00017270584019516062,55.97500112678483,0.24346846421932514
2023-10-31 00:00:00+00:00,NVDA,40.76766586303711,0.0008240424915095536,41.912734605332666,-1.0132849511861939
2023-10-31 00:00:00+00:00,TSLA,200.83999633789062,0.0007495793611494751,32.90696702547216,-1.9728369773851082
2023-11-30 00:00:00+00:00,AMD,121.16000366210938,0.0004972889441434451,60.703408783762,1.3393083427205832
2023-11-30 00:00:00+00:00,BA,231.6300048828125,0.0002845433724831019,76.35614431262341,1.2437879332057282
2023-11-30 00:00:00+00:00,BAC,29.898761749267578,0.00010027730233974363,67.00123086516813,1.1245093951409912
2023-11-30 00:00:00+00:00,GOOG,133.5919189453125,0.00031086826009224804,48.30918617114911,0.3191853698976439
2023-11-30 00:00:00+00:00,JPM,152.4398193359375,-3.6285791583806095e-05,70.00292588651615,1.1548121465352927
2023-11-30 00:00:00+00:00,META,326.1679382324219,0.00045607027525308973,52.95493608880937,0.6439610500626517
2023-11-30 00:00:00+00:00,MSFT,376.8503723144531,6.749927347747513e-05,65.83921638736209,2.6444901118909323
2023-11-30 00:00:00+00:00,NFLX,473.9700012207031,0.00014515656653311991,68.88968594525433,1.4583162698622885
2023-11-30 00:00:00+00:00,NVDA,46.75585174560547,0.0003611824445331711,51.33048682593208,0.3674108636426913
2023-11-30 00:00:00+00:00,TSLA,240.0800018310547,0.00042622988635592467,53.047449596974154,0.3489053781511817
2023-12-31 00:00:00+00:00,AMD,147.41000366210938,0.0002567380599165982,71.82881142374492,2.3256187892550546
2023-12-31 00:00:00+00:00,BA,260.6600036621094,5.1978336349444596e-05,74.1469000117712,1.6123983548160028
2023-12-31 00:00:00+00:00,BAC,33.017093658447266,-0.0002087138481334874,69.74349043271754,1.7768268446274604
2023-12-31 00:00:00+00:00,GOOG,140.58474731445312,5.936296416191805e-05,57.41130327239154,0.8087925621539845
2023-12-31 00:00:00+00:00,JPM,166.1328582763672,-0.00018513549162897902,77.96172425949268,1.998088533652984
2023-12-31 00:00:00+00:00,META,352.8974609375,0.0001509590606219326,62.58065858965215,1.0072292685588025
2023-12-31 00:00:00+00:00,MSFT,373.9960021972656,3.703719023696467e-05,58.38581024993321,0.38819908065016734
2023-12-31 00:00:00+00:00,NFLX,486.8800048828125,0.00020345712541729438,61.227013149298706,0.7659358788436728
2023-12-31 00:00:00+00:00,NVDA,49.511375427246094,0.00030421203193661166,57.19876907618373,0.19753675647033167
2023-12-31 00:00:00+00:00,TSLA,248.47999572753906,0.0002097485787244214,52.68830977811404,0.5658741570950985
2024-01-31 00:00:00+00:00,AMD,167.69000244140625,0.0013184202025228776,62.191805877239716,3.277381205769921
2024-01-31 00:00:00+00:00,BA,211.0399932861328,0.0009387708822030375,43.4355182827366,-1.2455029588416788
2024-01-31 00:00:00+00:00,BAC,33.35050582885742,8.681559876652276e-06,60.19802923284192,0.5011316757722303
2024-01-31 00:00:00+00:00,GOOG,141.45262145996094,0.00010479021822405217,47.87622079149609,1.4780308469095593
2024-01-31 00:00:00+00:00,JPM,171.3435821533203,-4.952132551790323e-05,66.50948469092852,0.9977453473920231
2024-01-31 00:00:00+00:00,META,388.9688720703125,0.00038555431662316755,65.5443775083565,1.7569553738731376
2024-01-31 00:00:00+00:00,MSFT,395.4189147949219,0.0006741556102380414,60.570870637980114,2.009610640575869
2024-01-31 00:00:00+00:00,NFLX,564.1099853515625,0.00015699176835908734,71.87523068675,1.9357743630267152
2024-01-31 00:00:00+00:00,NVDA,61.5137939453125,0.00032507897624490427,72.42751773517307,2.1426422896903516
2024-01-31 00:00:00+00:00,TSLA,187.2899932861328,0.0009134345341879433,30.27967218336959,-1.9605523240933918
2024-02-29 00:00:00+00:00,AMD,192.52999877929688,0.0006998471585173956,65.1887579479447,1.6333176872070565
2024-02-29 00:00:00+00:00,BA,203.72000122070312,0.00011548831912607286,43.02752428002577,-0.548439249348484
2024-02-29 00:00:00+00:00,BAC,34.08906555175781,8.647352018850701e-05,61.22225305166684,0.3925852339891758
2024-02-29 00:00:00+00:00,GOOG,139.43756103515625,0.0001234158058010289,44.981060031982395,-1.0607115675882965
2024-02-29 00:00:00+00:00,JPM,182.84117126464844,6.6815809653067996e-06,75.46987484882075,1.509001087278117
2024-02-29 00:00:00+00:00,META,489.17718505859375,0.00017321837044303036,70.4443071325592,3.2680728861474138
2024-02-29 00:00:00+00:00,MSFT,412.15240478515625,0.0001755797523414525,60.39788727854904,0.7204634424046591
2024-02-29 00:00:00+00:00,NFLX,602.9199829101562,0.00011987540167043628,68.36511298481211,1.5063141404153912
2024-02-29 00:00:00+00:00,NVDA,79.09502410888672,0.00021456903006841752,72.01835171849429,3.219983449704479
2024-02-29 00:00:00+00:00,TSLA,201.8800048828125,0.000522921527335002,48.538804779319314,-0.381800438892916
2024-03-31 00:00:00+00:00,AMD,180.49000549316406,0.0003852686984690008,49.64399727029183,-0.48537824513109085
2024-03-31 00:00:00+00:00,BA,192.99000549316406,5.4048335370290276e-05,45.68446314438402,-0.5264923808238273
2024-03-31 00:00:00+00:00,BAC,37.44662094116211,9.784653286191746e-05,70.90239388636401,1.363136380600967
2024-03-31 00:00:00+00:00,GOOG,151.88699340820312,3.8645684025305304e-05,61.47091454560094,1.3604356244994549
2024-03-31 00:00:00+00:00,JPM,196.83482360839844,-9.72790058988113e-06,72.57286531304337,1.989957338384057
2024-03-31 00:00:00+00:00,META,484.6360168457031,1.6410127264599236e-05,53.8766005738987,1.0004088873679804
2024-03-31 00:00:00+00:00,MSFT,419.2069091796875,1.4657882484064786e-05,56.58982619939278,0.9310478887957261
2024-03-31 00:00:00+00:00,NFLX,607.3300170898438,0.0001823306418423135,55.83023913945377,0.7990383491237034
2024-03-31 00:00:00+00:00,NVDA,90.34085083007812,0.00026705065548572376,62.86285388071265,2.8560596188530156
2024-03-31 00:00:00+00:00,TSLA,175.7899932861328,0.0002554700020864535,43.5863211715206,-0.7238013515483475
2024-04-30 00:00:00+00:00,AMD,158.3800048828125,0.00022514596125233711,43.812297424224155,-2.300580253303742
2024-04-30 00:00:00+00:00,BA,167.83999633789062,0.0005028665975519129,36.87594239922718,-0.7410678167576865
2024-04-30 00:00:00+00:00,BAC,36.54798126220703,-1.1138017658334837e-05,53.32413691046149,0.4799256232726777
2024-04-30 00:00:00+00:00,GOOG,164.23666381835938,0.00037709838977288847,59.46512838406983,2.1336357863628006
2024-04-30 00:00:00+00:00,JPM,189.5220184326172,3.587749561844148e-05,53.86338732425731,-0.05008506759981564
2024-04-30 00:00:00+00:00,META,429.3337707519531,0.00025324481541056943,35.06601337827564,-2.345977902757714
2024-04-30 00:00:00+00:00,MSFT,387.9298095703125,8.301226863550776e-05,37.996404859783084,-1.8242967653335096
2024-04-30 00:00:00+00:00,NFLX,550.6400146484375,7.354289589494267e-05,39.53642096127081,-1.476215746190203
2024-04-30 00:00:00+00:00,NVDA,86.38751220703125,0.0003766344106453799,52.74079653124596,-0.5411115647308375
2024-04-30 00:00:00+00:00,TSLA,183.27999877929688,0.0007874762925473164,54.71344500188258,-0.13497056772471044
2024-05-31 00:00:00+00:00,AMD,166.89999389648438,0.0016374358720671457,53.129185468582016,0.49015311559553537
2024-05-31 00:00:00+00:00,BA,177.61000061035156,0.0002750837815022721,48.69696015336928,-0.1029315878353972
2024-05-31 00:00:00+00:00,BAC,39.49078369140625,0.0004925396167789745,61.887013216518234,0.7574202105077563
2024-05-31 00:00:00+00:00,GOOG,173.53382873535156,0.00019933156878078624,58.012267487521704,1.7427733547961588
2024-05-31 00:00:00+00:00,JPM,200.28604125976562,0.00029439127644820387,59.44398478645035,0.7142834132498376
2024-05-31 00:00:00+00:00,META,465.9224853515625,0.0005039634796795324,47.377601006863145,-0.44014048987130644
2024-05-31 00:00:00+00:00,MSFT,414.38311767578125,0.0004317880191462838,49.12294267341334,0.5704064549130234
2024-05-31 00:00:00+00:00,NFLX,641.6199951171875,0.0004992515176104743,58.69383563978607,1.0866592623218696
2024-05-31 00:00:00+00:00,NVDA,109.6146240234375,0.0011196663830040992,66.7587498902358,4.247102972424935
2024-05-31 00:00:00+00:00,TSLA,178.0800018310547,0.0006717699802264821,51.453881565523105,0.10519243054765154
2024-06-30 00:00:00+00:00,AMD,162.2100067138672,0.0008755188604039197,50.697333332559296,-0.3752415190706803
2024-06-30 00:00:00+00:00,BA,182.00999450683594,0.0002115007047382432,51.50833349784476,-0.05286679874319181
2024-06-30 00:00:00+00:00,BAC,39.51239776611328,0.00016107516672447206,56.143451702919265,0.26039939902217707
2024-06-30 00:00:00+00:00,GOOG,183.17886352539062,8.155092974174837e-05,61.371055382579875,1.5752959873873995
2024-06-30 00:00:00+00:00,JPM,199.92031860351562,0.00013476958342585613,57.55863733340236,0.04814587226521941
2024-06-30 00:00:00+00:00,META,503.73944091796875,0.00035211362781077275,55.56024220551752,1.0221182880126807
2024-06-30 00:00:00+00:00,MSFT,446.1458740234375,0.00010627236501757587,61.71724129918556,1.9419587475333706
2024-06-30 00:00:00+00:00,NFLX,674.8800048828125,0.00019520279650084312,59.66363522449444,1.0503409225720186
2024-06-30 00:00:00+00:00,NVDA,123.52943420410156,0.0007568627824452892,58.97664591162782,3.8293533029657714
2024-06-30 00:00:00+00:00,TSLA,197.8800048828125,0.0007670758527246795,61.80888089307299,0.5474422423865344
2024-07-31 00:00:00+00:00,AMD,144.47999572753906,0.003584882366248668,40.41436128814525,-2.5438121370433064
2024-07-31 00:00:00+00:00,BA,190.60000610351562,0.002359485756857523,57.16953369410254,0.1817258589591018
2024-07-31 00:00:00+00:00,BAC,40.04890060424805,7.789623617935227e-05,46.789891287551136,0.3030681827027818
2024-07-31 00:00:00+00:00,GOOG,172.92236328125,0.00023961723195741356,43.620597771790614,-1.8500337251423262
2024-07-31 00:00:00+00:00,JPM,211.50390625,5.908327288148632e-05,59.17095444716459,1.2223875429704587
2024-07-31 00:00:00+00:00,META,474.37744140625,0.0001942176587375824,46.11274879349907,-1.6787917572973068
2024-07-31 00:00:00+00:00,MSFT,417.5973205566406,0.00024483790358017523,39.14854619791341,-2.0816600268227234
2024-07-31 00:00:00+00:00,NFLX,628.3499755859375,0.00015081610130943728,42.52548329871223,-0.9873717973395372
2024-07-31 00:00:00+00:00,NVDA,117.0099868774414,0.001625974341092022,49.43924519169514,-2.236349351074858
2024-07-31 00:00:00+00:00,TSLA,232.07000732421875,0.0004577612040188379,54.285933117908904,0.5354890477895019
2024-08-31 00:00:00+00:00,AMD,148.55999755859375,0.0003040956861632955,49.00126121519217,-0.1617400461378745
2024-08-31 00:00:00+00:00,BA,173.74000549316406,0.0001331094907875622,48.23326009421124,-0.18780586179951164
2024-08-31 00:00:00+00:00,BAC,40.486045837402344,0.00013876802365745745,56.478499840773274,-0.04638057547948585
2024-08-31 00:00:00+00:00,GOOG,164.8929443359375,5.827601218427287e-05,43.91132797322498,-1.4845874020177472
2024-08-31 00:00:00+00:00,JPM,223.43081665039062,0.00011918744032115779,68.18355308414678,1.8340910159376642
2024-08-31 00:00:00+00:00,META,520.8131713867188,0.00012852286748849833,54.619613687351325,0.8180623598588168
2024-08-31 00:00:00+00:00,MSFT,417.1400146484375,7.820092956101008e-05,47.33865722044352,-1.1926987863376302
2024-08-31 00:00:00+00:00,NFLX,701.3499755859375,0.00019352259104001498,63.460628067338995,1.0923522026370547
2024-08-31 00:00:00+00:00,NVDA,119.35979461669922,0.0007180741887207529,50.27432990431076,1.2221328445694577
2024-08-31 00:00:00+00:00,TSLA,214.11000061035156,0.00038014934883101673,50.31763078790491,-0.33123738674252573
2024-09-30 00:00:00+00:00,AMD,164.0800018310547,0.0001431970594831471,59.451889563598655,1.4222109705428185
2024-09-30 00:00:00+00:00,BA,152.0399932861328,0.00022675103574353546,38.95216628440658,-0.6090310537764312
2024-09-30 00:00:00+00:00,BAC,39.68000030517578,0.00014067957869116874,51.101616575255164,-0.06353331245158263
2024-09-30 00:00:00+00:00,GOOG,167.19000244140625,5.281032795388164e-05,54.99690029909464,-0.016133513756196118
2024-09-30 00:00:00+00:00,JPM,209.57571411132812,0.0002798563127804222,50.10421845993394,-0.5422059092123475
2024-09-30 00:00:00+00:00,META,572.4400024414062,0.00012366024937531455,68.71347538248814,2.1031639422015944
2024-09-30 00:00:00+00:00,MSFT,430.29998779296875,6.0487685465327734e-05,53.88996474920383,0.6641276512043857
2024-09-30 00:00:00+00:00,NFLX,709.27001953125,6.64426779305232e-05,57.90279963589953,0.7927071791755087
2024-09-30 00:00:00+00:00,NVDA,121.44000244140625,0.0001274689806223567,53.46514213532862,0.7168779326650285
2024-09-30 00:00:00+00:00,TSLA,261.6300048828125,0.0005715630255771463,64.0449340322154,1.3776004114170146
2024-10-31 00:00:00+00:00,AMD,156.1300048828125,0.00016693084968067348,48.55087359608784,0.7753832200047815
2024-10-31 00:00:00+00:00,BA,154.89999389648438,0.0001372153386897233,46.819059069173605,-0.39755793782067383
2024-10-31 00:00:00+00:00,BAC,42.79999923706055,0.00017660306522155928,67.29430657550765,0.9261952260358929
2024-10-31 00:00:00+00:00,GOOG,166.74000549316406,6.983597567992025e-05,53.34194911019994,0.25904827912716233
2024-10-31 00:00:00+00:00,JPM,223.63999938964844,5.4501190930358253e-05,64.24536152799864,1.1938059115522792
2024-10-31 00:00:00+00:00,META,576.7899780273438,7.195681130996549e-05,58.86656370578919,1.8797944857181264
2024-10-31 00:00:00+00:00,MSFT,416.1199951171875,9.844031491070157e-05,46.24691103259044,-0.8639710488374607
2024-10-31 00:00:00+00:00,NFLX,702.0,5.752161724788687e-05,51.04347013461196,0.3725419334842985
2024-10-31 00:00:00+00:00,NVDA,135.72000122070312,0.0006402480131329801,60.595949360078436,3.174905707848756
2024-10-31 00:00:00+00:00,TSLA,221.3300018310547,0.00015504936995454794,45.14194749741184,-0.3698685425058055
